Path,URL,Size in bytes (optional but recommended),MD5 Hash (optional but recommended),Filter Terms (optional),Overwrite (optional),Comments (optional)
docs/Saturn/Manuals/3D Baseball.pdf,https://archive.org/download/mister-manuals/1995_Sega%20Saturn.zip/1995_Sega%20Saturn%2F3D%20Baseball.pdf,7034675,c5679de2908a6ad027ede6041f6e771a,,,3D Baseball.pdf
docs/Saturn/Manuals/AMOK.pdf,https://archive.org/download/mister-manuals/1995_Sega%20Saturn.zip/1995_Sega%20Saturn%2FAMOK.pdf,5250138,20aa9b7777f35361949254fd2e1dab29,,,AMOK.pdf
docs/Saturn/Manuals/Albert Odyssey - Legend of Eldean.pdf,https://archive.org/download/mister-manuals/1995_Sega%20Saturn.zip/1995_Sega%20Saturn%2FAlbert%20Odyssey%20-%20Legend%20of%20Eldean.pdf,8288243,313b3f732ca100617a96948129bced6b,,,Albert Odyssey - Legend of Eldean.pdf
docs/Saturn/Manuals/Alien Trilogy.pdf,https://archive.org/download/mister-manuals/1995_Sega%20Saturn.zip/1995_Sega%20Saturn%2FAlien%20Trilogy.pdf,5156394,6c0736821613fbdf621e2da504e080da,,,Alien Trilogy.pdf
docs/Saturn/Manuals/All-Star Baseball '97 featuring Frank Thomas.pdf,https://archive.org/download/mister-manuals/1995_Sega%20Saturn.zip/1995_Sega%20Saturn%2FAll-Star%20Baseball%20_97%20featuring%20Frank%20Thomas.pdf,7160121,bf68e1042f844be240b6789a450247cc,,,All-Star Baseball _97 featuring Frank Thomas.pdf
docs/Saturn/Manuals/Alone in the Dark - One-Eyed Jack's Revenge.pdf,https://archive.org/download/mister-manuals/1995_Sega%20Saturn.zip/1995_Sega%20Saturn%2FAlone%20in%20the%20Dark%20-%20One-Eyed%20Jack_s%20Revenge.pdf,5564175,ffbbc4227f548297946d67d5d1627ad3,,,Alone in the Dark - One-Eyed Jack_s Revenge.pdf
docs/Saturn/Manuals/Andretti Racing.pdf,https://archive.org/download/mister-manuals/1995_Sega%20Saturn.zip/1995_Sega%20Saturn%2FAndretti%20Racing.pdf,4832114,ffe36fff62a225319731b9216f2fc8d2,,,Andretti Racing.pdf
docs/Saturn/Manuals/Arcade's Greatest Hits - The Atari Collection 1.pdf,https://archive.org/download/mister-manuals/1995_Sega%20Saturn.zip/1995_Sega%20Saturn%2FArcade_s%20Greatest%20Hits%20-%20The%20Atari%20Collection%201.pdf,3427033,9f5943fc76a584dc28100cb06e75e9d3,,,Arcade_s Greatest Hits - The Atari Collection 1.pdf
docs/Saturn/Manuals/Area 51.pdf,https://archive.org/download/mister-manuals/1995_Sega%20Saturn.zip/1995_Sega%20Saturn%2FArea%2051.pdf,7281806,297b446a07e24345b899c331a0c13969,,,Area 51.pdf
docs/Saturn/Manuals/Astal.pdf,https://archive.org/download/mister-manuals/1995_Sega%20Saturn.zip/1995_Sega%20Saturn%2FAstal.pdf,5452627,411a4b750179ba6b215aa261706664ad,,,Astal.pdf
docs/Saturn/Manuals/Atlantis - The Lost Tales.pdf,https://archive.org/download/mister-manuals/1995_Sega%20Saturn.zip/1995_Sega%20Saturn%2FAtlantis%20-%20The%20Lost%20Tales.pdf,1948262,e7afa1eef0cbf88bd48a5d799ff3c971,,,Atlantis - The Lost Tales.pdf
docs/Saturn/Manuals/Baku Baku Animal.pdf,https://archive.org/download/mister-manuals/1995_Sega%20Saturn.zip/1995_Sega%20Saturn%2FBaku%20Baku%20Animal.pdf,7090048,cb364561ce4af691c2d54d1048b6f941,,,Baku Baku Animal.pdf
docs/Saturn/Manuals/Bases Loaded '96 - Double Header.pdf,https://archive.org/download/mister-manuals/1995_Sega%20Saturn.zip/1995_Sega%20Saturn%2FBases%20Loaded%20_96%20-%20Double%20Header.pdf,5542941,883a8135200c6f0f14ded9a39f6bedc3,,,Bases Loaded _96 - Double Header.pdf
docs/Saturn/Manuals/Batman Forever - The Arcade Game.pdf,https://archive.org/download/mister-manuals/1995_Sega%20Saturn.zip/1995_Sega%20Saturn%2FBatman%20Forever%20-%20The%20Arcade%20Game.pdf,4043553,ea08131e29d952083e39eace479b2f25,,,Batman Forever - The Arcade Game.pdf
docs/Saturn/Manuals/Battle Arena Toshinden Remix.pdf,https://archive.org/download/mister-manuals/1995_Sega%20Saturn.zip/1995_Sega%20Saturn%2FBattle%20Arena%20Toshinden%20Remix.pdf,5554782,248c0835b49af14e01d3d423f5d3bd18,,,Battle Arena Toshinden Remix.pdf
docs/Saturn/Manuals/Battle Arena Toshinden URA.pdf,https://archive.org/download/mister-manuals/1995_Sega%20Saturn.zip/1995_Sega%20Saturn%2FBattle%20Arena%20Toshinden%20URA.pdf,5121230,6c56421e7d7f052d1a2de24dd78e2ded,,,Battle Arena Toshinden URA.pdf
docs/Saturn/Manuals/Battle Monsters.pdf,https://archive.org/download/mister-manuals/1995_Sega%20Saturn.zip/1995_Sega%20Saturn%2FBattle%20Monsters.pdf,5233267,35d6a1abb1ec86323953462c56582e21,,,Battle Monsters.pdf
docs/Saturn/Manuals/Battle Stations.pdf,https://archive.org/download/mister-manuals/1995_Sega%20Saturn.zip/1995_Sega%20Saturn%2FBattle%20Stations.pdf,8047685,2c43fbdeb80a58fe8cfca7f9c88c9365,,,Battle Stations.pdf
docs/Saturn/Manuals/BattleSport.pdf,https://archive.org/download/mister-manuals/1995_Sega%20Saturn.zip/1995_Sega%20Saturn%2FBattleSport.pdf,4820075,8ece83eb1c0a7b53a0d3802f8e6a09aa,,,BattleSport.pdf
docs/Saturn/Manuals/Black Dawn.pdf,https://archive.org/download/mister-manuals/1995_Sega%20Saturn.zip/1995_Sega%20Saturn%2FBlack%20Dawn.pdf,4193376,aa9173b4d39d88cee938941685ce7b44,,,Black Dawn.pdf
docs/Saturn/Manuals/Black Fire.pdf,https://archive.org/download/mister-manuals/1995_Sega%20Saturn.zip/1995_Sega%20Saturn%2FBlack%20Fire.pdf,7719727,320822380b9a4a401f099a487b914e6e,,,Black Fire.pdf
docs/Saturn/Manuals/Blast Chamber.pdf,https://archive.org/download/mister-manuals/1995_Sega%20Saturn.zip/1995_Sega%20Saturn%2FBlast%20Chamber.pdf,4874402,fbc8b0b8aec457be26fcea95ec9d8826,,,Blast Chamber.pdf
docs/Saturn/Manuals/Blazing Dragons.pdf,https://archive.org/download/mister-manuals/1995_Sega%20Saturn.zip/1995_Sega%20Saturn%2FBlazing%20Dragons.pdf,7094252,9d0feca2f337cfd518925a9315b3db45,,,Blazing Dragons.pdf
docs/Saturn/Manuals/Blazing Heroes.pdf,https://archive.org/download/mister-manuals/1995_Sega%20Saturn.zip/1995_Sega%20Saturn%2FBlazing%20Heroes.pdf,8637644,e5e86d1263a409cde2eda953bf58c64d,,,Blazing Heroes.pdf
docs/Saturn/Manuals/Bottom of the 9th.pdf,https://archive.org/download/mister-manuals/1995_Sega%20Saturn.zip/1995_Sega%20Saturn%2FBottom%20of%20the%209th.pdf,6800435,deb600dba795ee7c281a80ac741dea59,,,Bottom of the 9th.pdf
docs/Saturn/Manuals/Brain Dead 13.pdf,https://archive.org/download/mister-manuals/1995_Sega%20Saturn.zip/1995_Sega%20Saturn%2FBrain%20Dead%2013.pdf,7590075,ed7677541deb381de6d0fb873477f578,,,Brain Dead 13.pdf
docs/Saturn/Manuals/Break Point Tennis.pdf,https://archive.org/download/mister-manuals/1995_Sega%20Saturn.zip/1995_Sega%20Saturn%2FBreak%20Point%20Tennis.pdf,4648210,23510dc9ef3926daae372ea50c7ac63e,,,Break Point Tennis.pdf
docs/Saturn/Manuals/Bubble Bobble also featuring Rainbow Islands.pdf,https://archive.org/download/mister-manuals/1995_Sega%20Saturn.zip/1995_Sega%20Saturn%2FBubble%20Bobble%20also%20featuring%20Rainbow%20Islands.pdf,3444705,4083924495f5108633f188c2269ab669,,,Bubble Bobble also featuring Rainbow Islands.pdf
docs/Saturn/Manuals/Bug!.pdf,https://archive.org/download/mister-manuals/1995_Sega%20Saturn.zip/1995_Sega%20Saturn%2FBug%21.pdf,4994007,fcacdd56303cf2182477cba5757804aa,,,Bug!.pdf
docs/Saturn/Manuals/Bulk Slash.pdf,https://archive.org/download/mister-manuals/1995_Sega%20Saturn.zip/1995_Sega%20Saturn%2FBulk%20Slash.pdf,2462581,b132037625c2397b4560ff149b3b6915,,,Bulk Slash.pdf
docs/Saturn/Manuals/Burning Rangers.pdf,https://archive.org/download/mister-manuals/1995_Sega%20Saturn.zip/1995_Sega%20Saturn%2FBurning%20Rangers.pdf,5520520,f43e9bc6a5d53fdd6c7e895bdc03fd8f,,,Burning Rangers.pdf
docs/Saturn/Manuals/Bust-A-Move 2 - Arcade Edition.pdf,https://archive.org/download/mister-manuals/1995_Sega%20Saturn.zip/1995_Sega%20Saturn%2FBust-A-Move%202%20-%20Arcade%20Edition.pdf,4991599,a4f07019189e871767180fb1a4a55215,,,Bust-A-Move 2 - Arcade Edition.pdf
docs/Saturn/Manuals/Bust-A-Move 3.pdf,https://archive.org/download/mister-manuals/1995_Sega%20Saturn.zip/1995_Sega%20Saturn%2FBust-A-Move%203.pdf,5186607,f98a7dfb234934aa7b306985d37379de,,,Bust-A-Move 3.pdf
docs/Saturn/Manuals/Casper.pdf,https://archive.org/download/mister-manuals/1995_Sega%20Saturn.zip/1995_Sega%20Saturn%2FCasper.pdf,6947178,e2bbb849b1ac40eaa2dbdc91a66c7847,,,Casper.pdf
docs/Saturn/Manuals/Chaos Control.pdf,https://archive.org/download/mister-manuals/1995_Sega%20Saturn.zip/1995_Sega%20Saturn%2FChaos%20Control.pdf,817050,22f746a787cb569e9d74a8eac78408b7,,,Chaos Control.pdf
docs/Saturn/Manuals/Clockwork Knight .pdf,https://archive.org/download/mister-manuals/1995_Sega%20Saturn.zip/1995_Sega%20Saturn%2FClockwork%20Knight%20.pdf,5133402,c93d5ef481cc1b5fa448b1d570c9c97e,,,Clockwork Knight .pdf
docs/Saturn/Manuals/Clockwork Knight 2.pdf,https://archive.org/download/mister-manuals/1995_Sega%20Saturn.zip/1995_Sega%20Saturn%2FClockwork%20Knight%202.pdf,6369627,059d7c45562d65d956e98a07e2d2651c,,,Clockwork Knight 2.pdf
docs/Saturn/Manuals/College Slam.pdf,https://archive.org/download/mister-manuals/1995_Sega%20Saturn.zip/1995_Sega%20Saturn%2FCollege%20Slam.pdf,6264668,0283aa10c467849aeb768c536f1eced3,,,College Slam.pdf
docs/Saturn/Manuals/Command & Conquer.pdf,https://archive.org/download/mister-manuals/1995_Sega%20Saturn.zip/1995_Sega%20Saturn%2FCommand%20%26%20Conquer.pdf,4004663,984653d5a0fcf7526f1d850c241809df,,,Command & Conquer.pdf
docs/Saturn/Manuals/Congo the Movie - The Lost City of Zinj.pdf,https://archive.org/download/mister-manuals/1995_Sega%20Saturn.zip/1995_Sega%20Saturn%2FCongo%20the%20Movie%20-%20The%20Lost%20City%20of%20Zinj.pdf,6238131,0d27eded0f2a4693217d32a58caea586,,,Congo the Movie - The Lost City of Zinj.pdf
docs/Saturn/Manuals/Contra - Legacy of War.pdf,https://archive.org/download/mister-manuals/1995_Sega%20Saturn.zip/1995_Sega%20Saturn%2FContra%20-%20Legacy%20of%20War.pdf,7652629,e6cf43339fc7f4fa6ae3c79620513f49,,,Contra - Legacy of War.pdf
docs/Saturn/Manuals/Corpse Killer - Graveyard Edition.pdf,https://archive.org/download/mister-manuals/1995_Sega%20Saturn.zip/1995_Sega%20Saturn%2FCorpse%20Killer%20-%20Graveyard%20Edition.pdf,5505427,09338bd76acca6bec70c9f573c5c7f89,,,Corpse Killer - Graveyard Edition.pdf
docs/Saturn/Manuals/Courier Crisis - The Saga of the Modern Fatalist.pdf,https://archive.org/download/mister-manuals/1995_Sega%20Saturn.zip/1995_Sega%20Saturn%2FCourier%20Crisis%20-%20The%20Saga%20of%20the%20Modern%20Fatalist.pdf,5909854,d7a386a925fa5b232abd7442d01375b3,,,Courier Crisis - The Saga of the Modern Fatalist.pdf
docs/Saturn/Manuals/Creature Shock - Special Edition.pdf,https://archive.org/download/mister-manuals/1995_Sega%20Saturn.zip/1995_Sega%20Saturn%2FCreature%20Shock%20-%20Special%20Edition.pdf,5116821,7e3b3589857482a5314337dd98a46d29,,,Creature Shock - Special Edition.pdf
docs/Saturn/Manuals/Crime Wave.pdf,https://archive.org/download/mister-manuals/1995_Sega%20Saturn.zip/1995_Sega%20Saturn%2FCrime%20Wave.pdf,6329419,c500749e23937708ba0ee300408550b6,,,Crime Wave.pdf
docs/Saturn/Manuals/Criticom.pdf,https://archive.org/download/mister-manuals/1995_Sega%20Saturn.zip/1995_Sega%20Saturn%2FCriticom.pdf,8241012,b82b39dc1b49d5da2bf17b83a2770f81,,,Criticom.pdf
docs/Saturn/Manuals/Croc - Legend of the Gobbos.pdf,https://archive.org/download/mister-manuals/1995_Sega%20Saturn.zip/1995_Sega%20Saturn%2FCroc%20-%20Legend%20of%20the%20Gobbos.pdf,4317677,34cc22b8a6d691b5c6a66487b9c37980,,,Croc - Legend of the Gobbos.pdf
"docs/Saturn/Manuals/Crow, The - City of Angels.pdf",https://archive.org/download/mister-manuals/1995_Sega%20Saturn.zip/1995_Sega%20Saturn%2FCrow%2C%20The%20-%20City%20of%20Angels.pdf,6789331,adde6d25c794b8b2978cc9e23302ca89,,,"Crow, The - City of Angels.pdf"
docs/Saturn/Manuals/Crusader - No Remorse.pdf,https://archive.org/download/mister-manuals/1995_Sega%20Saturn.zip/1995_Sega%20Saturn%2FCrusader%20-%20No%20Remorse.pdf,6398817,4664c939bfe329b45f65f984a5034822,,,Crusader - No Remorse.pdf
docs/Saturn/Manuals/Crypt Killer.pdf,https://archive.org/download/mister-manuals/1995_Sega%20Saturn.zip/1995_Sega%20Saturn%2FCrypt%20Killer.pdf,3717300,fe7f9436b990ba00d426be9ef8bd60de,,,Crypt Killer.pdf
docs/Saturn/Manuals/Cyber Speedway.pdf,https://archive.org/download/mister-manuals/1995_Sega%20Saturn.zip/1995_Sega%20Saturn%2FCyber%20Speedway.pdf,5465338,4efb23efb82383c49bcd4c0dc4c8f48c,,,Cyber Speedway.pdf
docs/Saturn/Manuals/Cyberia.pdf,https://archive.org/download/mister-manuals/1995_Sega%20Saturn.zip/1995_Sega%20Saturn%2FCyberia.pdf,4620564,e8125b12d9202da0257e4e834f50c0f5,,,Cyberia.pdf
docs/Saturn/Manuals/D.pdf,https://archive.org/download/mister-manuals/1995_Sega%20Saturn.zip/1995_Sega%20Saturn%2FD.pdf,6047219,2707de577027b9eca8ddd2dcb191c132,,,D.pdf
docs/Saturn/Manuals/DOOM.pdf,https://archive.org/download/mister-manuals/1995_Sega%20Saturn.zip/1995_Sega%20Saturn%2FDOOM.pdf,4156553,785660b394ea44fd32482d8f1ff7f80e,,,DOOM.pdf
docs/Saturn/Manuals/Darius Gaiden.pdf,https://archive.org/download/mister-manuals/1995_Sega%20Saturn.zip/1995_Sega%20Saturn%2FDarius%20Gaiden.pdf,4672598,659d499d86a45193d9a45ea385227759,,,Darius Gaiden.pdf
docs/Saturn/Manuals/Dark Legend.pdf,https://archive.org/download/mister-manuals/1995_Sega%20Saturn.zip/1995_Sega%20Saturn%2FDark%20Legend.pdf,4992686,a062e2770102656997faa79152ca6033,,,Dark Legend.pdf
docs/Saturn/Manuals/Dark Savior.pdf,https://archive.org/download/mister-manuals/1995_Sega%20Saturn.zip/1995_Sega%20Saturn%2FDark%20Savior.pdf,5761427,0dcd5f7962c87048e19aab2a2c2a06fe,,,Dark Savior.pdf
docs/Saturn/Manuals/Darklight Conflict.pdf,https://archive.org/download/mister-manuals/1995_Sega%20Saturn.zip/1995_Sega%20Saturn%2FDarklight%20Conflict.pdf,6091830,e2127ca0743deaa91defc8a5a554bd7b,,,Darklight Conflict.pdf
docs/Saturn/Manuals/Daytona USA - Circuit Edition.pdf,https://archive.org/download/mister-manuals/1995_Sega%20Saturn.zip/1995_Sega%20Saturn%2FDaytona%20USA%20-%20Circuit%20Edition.pdf,7359649,e5062a63da230f48e96e374f40bf7fb4,,,Daytona USA - Circuit Edition.pdf
docs/Saturn/Manuals/Daytona USA .pdf,https://archive.org/download/mister-manuals/1995_Sega%20Saturn.zip/1995_Sega%20Saturn%2FDaytona%20USA%20.pdf,3983432,75ff8a19bc0bcb3865619e49cb997056,,,Daytona USA .pdf
docs/Saturn/Manuals/DecAthlete.pdf,https://archive.org/download/mister-manuals/1995_Sega%20Saturn.zip/1995_Sega%20Saturn%2FDecAthlete.pdf,7753108,dec33f1079c85c1a8e5254020ec334fa,,,DecAthlete.pdf
docs/Saturn/Manuals/Deep Fear.pdf,https://archive.org/download/mister-manuals/1995_Sega%20Saturn.zip/1995_Sega%20Saturn%2FDeep%20Fear.pdf,2129466,9e20416b803796fa4f130d2a5dce6524,,,Deep Fear.pdf
docs/Saturn/Manuals/Defcon 5.pdf,https://archive.org/download/mister-manuals/1995_Sega%20Saturn.zip/1995_Sega%20Saturn%2FDefcon%205.pdf,6354768,a60cb498fd436924da7c3aefa86abee8,,,Defcon 5.pdf
docs/Saturn/Manuals/Die Hard Arcade.pdf,https://archive.org/download/mister-manuals/1995_Sega%20Saturn.zip/1995_Sega%20Saturn%2FDie%20Hard%20Arcade.pdf,5756577,e0f87bd742eee33bfae62a963bf8462a,,,Die Hard Arcade.pdf
docs/Saturn/Manuals/Die Hard Trilogy.pdf,https://archive.org/download/mister-manuals/1995_Sega%20Saturn.zip/1995_Sega%20Saturn%2FDie%20Hard%20Trilogy.pdf,4214456,75e9ae1848dd45bc4adc9b92553c1637,,,Die Hard Trilogy.pdf
docs/Saturn/Manuals/Digital Pinball - Last Gladiators.pdf,https://archive.org/download/mister-manuals/1995_Sega%20Saturn.zip/1995_Sega%20Saturn%2FDigital%20Pinball%20-%20Last%20Gladiators.pdf,6131667,69b33595538819bbf2ace98ebd7050e2,,,Digital Pinball - Last Gladiators.pdf
docs/Saturn/Manuals/Double Switch.pdf,https://archive.org/download/mister-manuals/1995_Sega%20Saturn.zip/1995_Sega%20Saturn%2FDouble%20Switch.pdf,4490741,c4dd20d14b70765c414ff0763d9e86d4,,,Double Switch.pdf
docs/Saturn/Manuals/Dragon Force.pdf,https://archive.org/download/mister-manuals/1995_Sega%20Saturn.zip/1995_Sega%20Saturn%2FDragon%20Force.pdf,10009421,0155187d4457f2ee58fcc5b80894b81a,,,Dragon Force.pdf
docs/Saturn/Manuals/DragonHeart - Fire & Steel.pdf,https://archive.org/download/mister-manuals/1995_Sega%20Saturn.zip/1995_Sega%20Saturn%2FDragonHeart%20-%20Fire%20%26%20Steel.pdf,4739517,2b90a0af4505c8911d6bf9f585c20090,,,DragonHeart - Fire & Steel.pdf
docs/Saturn/Manuals/Duke Nukem 3D.pdf,https://archive.org/download/mister-manuals/1995_Sega%20Saturn.zip/1995_Sega%20Saturn%2FDuke%20Nukem%203D.pdf,5532915,409c7b4d19663b72024f5aa264c75579,,,Duke Nukem 3D.pdf
docs/Saturn/Manuals/Earthworm Jim 2.pdf,https://archive.org/download/mister-manuals/1995_Sega%20Saturn.zip/1995_Sega%20Saturn%2FEarthworm%20Jim%202.pdf,7408396,dce975f70e7200ae9687ed11fce74165,,,Earthworm Jim 2.pdf
docs/Saturn/Manuals/Enemy Zero.pdf,https://archive.org/download/mister-manuals/1995_Sega%20Saturn.zip/1995_Sega%20Saturn%2FEnemy%20Zero.pdf,6211599,7f2a2a6fdcd45c8a29abc7688fbf4666,,,Enemy Zero.pdf
docs/Saturn/Manuals/F1 Challenge.pdf,https://archive.org/download/mister-manuals/1995_Sega%20Saturn.zip/1995_Sega%20Saturn%2FF1%20Challenge.pdf,4778022,5a27956a1f518dd31ae347b9f5e7181a,,,F1 Challenge.pdf
docs/Saturn/Manuals/FIFA - Road to World Cup 98.pdf,https://archive.org/download/mister-manuals/1995_Sega%20Saturn.zip/1995_Sega%20Saturn%2FFIFA%20-%20Road%20to%20World%20Cup%2098.pdf,5457669,4246a5ede41540910b1de3dc8bf46fe5,,,FIFA - Road to World Cup 98.pdf
docs/Saturn/Manuals/FIFA Soccer 96.pdf,https://archive.org/download/mister-manuals/1995_Sega%20Saturn.zip/1995_Sega%20Saturn%2FFIFA%20Soccer%2096.pdf,4261289,91b5ab07528e8e073acd4e14ee81605f,,,FIFA Soccer 96.pdf
docs/Saturn/Manuals/FIFA Soccer 97.pdf,https://archive.org/download/mister-manuals/1995_Sega%20Saturn.zip/1995_Sega%20Saturn%2FFIFA%20Soccer%2097.pdf,4603590,5be1201a1eac596ab5ea77a6512de57b,,,FIFA Soccer 97.pdf
docs/Saturn/Manuals/Fighters Megamix.pdf,https://archive.org/download/mister-manuals/1995_Sega%20Saturn.zip/1995_Sega%20Saturn%2FFighters%20Megamix.pdf,9673846,fbe39b7e8e6ac34f523cf4fbf4f0173a,,,Fighters Megamix.pdf
docs/Saturn/Manuals/Fighting Vipers.pdf,https://archive.org/download/mister-manuals/1995_Sega%20Saturn.zip/1995_Sega%20Saturn%2FFighting%20Vipers.pdf,7552442,cd2296dd6e06073f7d4372b98d9e70f4,,,Fighting Vipers.pdf
docs/Saturn/Manuals/Formula Karts - Special Edition.pdf,https://archive.org/download/mister-manuals/1995_Sega%20Saturn.zip/1995_Sega%20Saturn%2FFormula%20Karts%20-%20Special%20Edition.pdf,4845204,d7c7e93eec50ebd237d5a6bc14ec2296,,,Formula Karts - Special Edition.pdf
docs/Saturn/Manuals/Frank Thomas' Big Hurt Baseball.pdf,https://archive.org/download/mister-manuals/1995_Sega%20Saturn.zip/1995_Sega%20Saturn%2FFrank%20Thomas_%20Big%20Hurt%20Baseball.pdf,7346098,dd4bc4c4398686a13b375386503e8db2,,,Frank Thomas_ Big Hurt Baseball.pdf
docs/Saturn/Manuals/Frankenstein - Through the Eyes of the Monster.pdf,https://archive.org/download/mister-manuals/1995_Sega%20Saturn.zip/1995_Sega%20Saturn%2FFrankenstein%20-%20Through%20the%20Eyes%20of%20the%20Monster.pdf,2253391,595f620a4705c61de871a9d824747972,,,Frankenstein - Through the Eyes of the Monster.pdf
docs/Saturn/Manuals/Galactic Attack.pdf,https://archive.org/download/mister-manuals/1995_Sega%20Saturn.zip/1995_Sega%20Saturn%2FGalactic%20Attack.pdf,7018012,c2f6d50425018890411c853e91e02538,,,Galactic Attack.pdf
docs/Saturn/Manuals/Galaxy Fight.pdf,https://archive.org/download/mister-manuals/1995_Sega%20Saturn.zip/1995_Sega%20Saturn%2FGalaxy%20Fight.pdf,3696254,2e68c636569e14f1b896064252d69990,,,Galaxy Fight.pdf
docs/Saturn/Manuals/Gex.pdf,https://archive.org/download/mister-manuals/1995_Sega%20Saturn.zip/1995_Sega%20Saturn%2FGex.pdf,3932976,ebfd74fe742fa9138b5b8595d1c070b4,,,Gex.pdf
docs/Saturn/Manuals/Ghen War.pdf,https://archive.org/download/mister-manuals/1995_Sega%20Saturn.zip/1995_Sega%20Saturn%2FGhen%20War.pdf,7673568,f60f09ae68f5574516f5bed1fce587f0,,,Ghen War.pdf
docs/Saturn/Manuals/Golden Axe - The Duel.pdf,https://archive.org/download/mister-manuals/1995_Sega%20Saturn.zip/1995_Sega%20Saturn%2FGolden%20Axe%20-%20The%20Duel.pdf,5966913,fd6f7010d9ea4f66da073d06dbb8f999,,,Golden Axe - The Duel.pdf
docs/Saturn/Manuals/Grand Slam.pdf,https://archive.org/download/mister-manuals/1995_Sega%20Saturn.zip/1995_Sega%20Saturn%2FGrand%20Slam.pdf,5990214,19b0fd71e8d9e9d94c8a6fc2ecb81145,,,Grand Slam.pdf
docs/Saturn/Manuals/Grid Runner.pdf,https://archive.org/download/mister-manuals/1995_Sega%20Saturn.zip/1995_Sega%20Saturn%2FGrid%20Runner.pdf,4117399,cd432139d17be12ea93fa5d7a94a3410,,,Grid Runner.pdf
docs/Saturn/Manuals/Guardian Heroes.pdf,https://archive.org/download/mister-manuals/1995_Sega%20Saturn.zip/1995_Sega%20Saturn%2FGuardian%20Heroes.pdf,5378569,7617ba8270181de4eefce15ad974363e,,,Guardian Heroes.pdf
docs/Saturn/Manuals/Gungriffon.pdf,https://archive.org/download/mister-manuals/1995_Sega%20Saturn.zip/1995_Sega%20Saturn%2FGungriffon.pdf,4823267,b8c843d8105dadd04a91d75d4a1940df,,,Gungriffon.pdf
docs/Saturn/Manuals/Hang-On GP.pdf,https://archive.org/download/mister-manuals/1995_Sega%20Saturn.zip/1995_Sega%20Saturn%2FHang-On%20GP.pdf,4547624,844bb83e09e67589d864dace5f016c33,,,Hang-On GP.pdf
docs/Saturn/Manuals/Heir of Zendor.pdf,https://archive.org/download/mister-manuals/1995_Sega%20Saturn.zip/1995_Sega%20Saturn%2FHeir%20of%20Zendor.pdf,7359125,e65a17a54656e991e5c514786712f56f,,,Heir of Zendor.pdf
docs/Saturn/Manuals/Herc's Adventures.pdf,https://archive.org/download/mister-manuals/1995_Sega%20Saturn.zip/1995_Sega%20Saturn%2FHerc_s%20Adventures.pdf,5106322,269149282ec45e29c9c719bf550d3ed1,,,Herc_s Adventures.pdf
docs/Saturn/Manuals/Hexen.pdf,https://archive.org/download/mister-manuals/1995_Sega%20Saturn.zip/1995_Sega%20Saturn%2FHexen.pdf,3621643,0d8e7f7873ea6b517b7aa65841e0628f,,,Hexen.pdf
docs/Saturn/Manuals/Hi-Octane.pdf,https://archive.org/download/mister-manuals/1995_Sega%20Saturn.zip/1995_Sega%20Saturn%2FHi-Octane.pdf,3394324,adc28f5b67ab41e35628ef9af823aa20,,,Hi-Octane.pdf
docs/Saturn/Manuals/High Velocity.pdf,https://archive.org/download/mister-manuals/1995_Sega%20Saturn.zip/1995_Sega%20Saturn%2FHigh%20Velocity.pdf,7243445,fd6063c7164f85772700f4acb80c5c3f,,,High Velocity.pdf
docs/Saturn/Manuals/Highway 2000.pdf,https://archive.org/download/mister-manuals/1995_Sega%20Saturn.zip/1995_Sega%20Saturn%2FHighway%202000.pdf,5671145,e5909c7bb99f6220ed9c98fa827efe80,,,Highway 2000.pdf
"docs/Saturn/Manuals/Horde, The.pdf",https://archive.org/download/mister-manuals/1995_Sega%20Saturn.zip/1995_Sega%20Saturn%2FHorde%2C%20The.pdf,3918371,b8e14280a4bf72809e736f469891a2aa,,,"Horde, The.pdf"
"docs/Saturn/Manuals/House of the Dead, The.pdf",https://archive.org/download/mister-manuals/1995_Sega%20Saturn.zip/1995_Sega%20Saturn%2FHouse%20of%20the%20Dead%2C%20The.pdf,6569746,965d8e77956e511681e41384b6670d84,,,"House of the Dead, The.pdf"
docs/Saturn/Manuals/Hyper 3D Pinball.pdf,https://archive.org/download/mister-manuals/1995_Sega%20Saturn.zip/1995_Sega%20Saturn%2FHyper%203D%20Pinball.pdf,6520741,41c887d36a7a18c64eaad6da551b618e,,,Hyper 3D Pinball.pdf
docs/Saturn/Manuals/Impact Racing.pdf,https://archive.org/download/mister-manuals/1995_Sega%20Saturn.zip/1995_Sega%20Saturn%2FImpact%20Racing.pdf,6244991,107ebff4a2eed72d86087aeeeb01ad22,,,Impact Racing.pdf
docs/Saturn/Manuals/In the Hunt.pdf,https://archive.org/download/mister-manuals/1995_Sega%20Saturn.zip/1995_Sega%20Saturn%2FIn%20the%20Hunt.pdf,3987221,e8dbd7b80eaa1ac34f8fd32696aa7f9e,,,In the Hunt.pdf
"docs/Saturn/Manuals/Incredible Hulk, The - The Pantheon Saga.pdf",https://archive.org/download/mister-manuals/1995_Sega%20Saturn.zip/1995_Sega%20Saturn%2FIncredible%20Hulk%2C%20The%20-%20The%20Pantheon%20Saga.pdf,5209051,da24c48a719c2b839469e811ab99ff1c,,,"Incredible Hulk, The - The Pantheon Saga.pdf"
docs/Saturn/Manuals/Independence Day.pdf,https://archive.org/download/mister-manuals/1995_Sega%20Saturn.zip/1995_Sega%20Saturn%2FIndependence%20Day.pdf,4043885,60118621a5f15ff851ebc9f5d9efae45,,,Independence Day.pdf
docs/Saturn/Manuals/Iron Man X-O Manowar in Heavy Metal.pdf,https://archive.org/download/mister-manuals/1995_Sega%20Saturn.zip/1995_Sega%20Saturn%2FIron%20Man%20X-O%20Manowar%20in%20Heavy%20Metal.pdf,9778536,5957b70c28a9fa5cba7b3dbab4598885,,,Iron Man X-O Manowar in Heavy Metal.pdf
docs/Saturn/Manuals/Iron Storm.pdf,https://archive.org/download/mister-manuals/1995_Sega%20Saturn.zip/1995_Sega%20Saturn%2FIron%20Storm.pdf,4663667,29bc5afa28b8b7a683279d0187d90b9b,,,Iron Storm.pdf
docs/Saturn/Manuals/Johnny Bazookatone.pdf,https://archive.org/download/mister-manuals/1995_Sega%20Saturn.zip/1995_Sega%20Saturn%2FJohnny%20Bazookatone.pdf,5339724,9e82ce2d389629b60eb843b0c6e3057e,,,Johnny Bazookatone.pdf
docs/Saturn/Manuals/Keio Flying Squadron 2.pdf,https://archive.org/download/mister-manuals/1995_Sega%20Saturn.zip/1995_Sega%20Saturn%2FKeio%20Flying%20Squadron%202.pdf,1420964,fe96d74fcca16a3b02d687d9f874f5f7,,,Keio Flying Squadron 2.pdf
docs/Saturn/Manuals/Last Bronx.pdf,https://archive.org/download/mister-manuals/1995_Sega%20Saturn.zip/1995_Sega%20Saturn%2FLast%20Bronx.pdf,6367250,6ddbad08791ec2f97690fc7e07de0bbe,,,Last Bronx.pdf
"docs/Saturn/Manuals/Legend of Oasis, The.pdf",https://archive.org/download/mister-manuals/1995_Sega%20Saturn.zip/1995_Sega%20Saturn%2FLegend%20of%20Oasis%2C%20The.pdf,7140854,0431dfb524413d77160e3208b0269ca6,,,"Legend of Oasis, The.pdf"
docs/Saturn/Manuals/Linkle Liver Story.pdf,https://archive.org/download/mister-manuals/1995_Sega%20Saturn.zip/1995_Sega%20Saturn%2FLinkle%20Liver%20Story.pdf,2429354,1b59819f1e4e0eb95b902cffa82aaa3e,,,Linkle Liver Story.pdf
docs/Saturn/Manuals/Loaded.pdf,https://archive.org/download/mister-manuals/1995_Sega%20Saturn.zip/1995_Sega%20Saturn%2FLoaded.pdf,3539238,87edfc0306c00607a9e1fe254e1aa7f8,,,Loaded.pdf
"docs/Saturn/Manuals/Lost World, The - Jurassic Park.pdf",https://archive.org/download/mister-manuals/1995_Sega%20Saturn.zip/1995_Sega%20Saturn%2FLost%20World%2C%20The%20-%20Jurassic%20Park.pdf,3051122,5af1d95c94dda983779be244248c44a0,,,"Lost World, The - Jurassic Park.pdf"
docs/Saturn/Manuals/Lunacy.pdf,https://archive.org/download/mister-manuals/1995_Sega%20Saturn.zip/1995_Sega%20Saturn%2FLunacy.pdf,7926737,3895ab50187f9ac92b53de28224657bf,,,Lunacy.pdf
docs/Saturn/Manuals/Machine Head.pdf,https://archive.org/download/mister-manuals/1995_Sega%20Saturn.zip/1995_Sega%20Saturn%2FMachine%20Head.pdf,6567578,00cdeb9208cbd101d03d6caacda1c7dc,,,Machine Head.pdf
docs/Saturn/Manuals/Madden NFL 97.pdf,https://archive.org/download/mister-manuals/1995_Sega%20Saturn.zip/1995_Sega%20Saturn%2FMadden%20NFL%2097.pdf,4660226,b8daafc4f6bf9d06bc9ee676b672b156,,,Madden NFL 97.pdf
docs/Saturn/Manuals/Madden NFL 98.pdf,https://archive.org/download/mister-manuals/1995_Sega%20Saturn.zip/1995_Sega%20Saturn%2FMadden%20NFL%2098.pdf,4272608,345cc8fa761ca7ce2ab054b0b2030198,,,Madden NFL 98.pdf
docs/Saturn/Manuals/Magic Carpet.pdf,https://archive.org/download/mister-manuals/1995_Sega%20Saturn.zip/1995_Sega%20Saturn%2FMagic%20Carpet.pdf,5642643,2ea045a790222adfc1767e2b3c5e9baa,,,Magic Carpet.pdf
docs/Saturn/Manuals/Magic Knight Rayearth.pdf,https://archive.org/download/mister-manuals/1995_Sega%20Saturn.zip/1995_Sega%20Saturn%2FMagic%20Knight%20Rayearth.pdf,6384707,35746054537a50014c906b2cd952bfd2,,,Magic Knight Rayearth.pdf
"docs/Saturn/Manuals/Mansion of Hidden Souls, The.pdf",https://archive.org/download/mister-manuals/1995_Sega%20Saturn.zip/1995_Sega%20Saturn%2FMansion%20of%20Hidden%20Souls%2C%20The.pdf,3760859,d4c75610a0d7e3a1cc81f0be6c15a85c,,,"Mansion of Hidden Souls, The.pdf"
docs/Saturn/Manuals/Manx TT SuperBike.pdf,https://archive.org/download/mister-manuals/1995_Sega%20Saturn.zip/1995_Sega%20Saturn%2FManx%20TT%20SuperBike.pdf,7302539,a3d354d3643e3b84d5408fdb48bdfa86,,,Manx TT SuperBike.pdf
docs/Saturn/Manuals/Marvel Super Heroes.pdf,https://archive.org/download/mister-manuals/1995_Sega%20Saturn.zip/1995_Sega%20Saturn%2FMarvel%20Super%20Heroes.pdf,4777463,47f2637ce8d46ffa659d5a207a7afa04,,,Marvel Super Heroes.pdf
docs/Saturn/Manuals/Mass Destruction.pdf,https://archive.org/download/mister-manuals/1995_Sega%20Saturn.zip/1995_Sega%20Saturn%2FMass%20Destruction.pdf,3770635,9f2878cd92778ef657556dc81dfb53cc,,,Mass Destruction.pdf
docs/Saturn/Manuals/Maximum Force.pdf,https://archive.org/download/mister-manuals/1995_Sega%20Saturn.zip/1995_Sega%20Saturn%2FMaximum%20Force.pdf,5557918,7b0fad7bcfee38a831c2fcbe01391879,,,Maximum Force.pdf
docs/Saturn/Manuals/Mechwarrior 2 - 31st Century Combat.pdf,https://archive.org/download/mister-manuals/1995_Sega%20Saturn.zip/1995_Sega%20Saturn%2FMechwarrior%202%20-%2031st%20Century%20Combat.pdf,5602253,b5facfff787059114a0c939a8dc17996,,,Mechwarrior 2 - 31st Century Combat.pdf
docs/Saturn/Manuals/Mega Man 8 - Anniversary Collector's Edition.pdf,https://archive.org/download/mister-manuals/1995_Sega%20Saturn.zip/1995_Sega%20Saturn%2FMega%20Man%208%20-%20Anniversary%20Collector_s%20Edition.pdf,4573059,c8a34dd05e0d8bed8df9db178a5b274e,,,Mega Man 8 - Anniversary Collector_s Edition.pdf
docs/Saturn/Manuals/Mega Man X4.pdf,https://archive.org/download/mister-manuals/1995_Sega%20Saturn.zip/1995_Sega%20Saturn%2FMega%20Man%20X4.pdf,4287212,d504b785a50a9bd1d8fdf61a323df3e5,,,Mega Man X4.pdf
docs/Saturn/Manuals/Minnesota Fats - Pool Legend.pdf,https://archive.org/download/mister-manuals/1995_Sega%20Saturn.zip/1995_Sega%20Saturn%2FMinnesota%20Fats%20-%20Pool%20Legend.pdf,7000532,7c6fa7e052a665dd5c1f3b0b95fa1e02,,,Minnesota Fats - Pool Legend.pdf
docs/Saturn/Manuals/Mortal Kombat II.pdf,https://archive.org/download/mister-manuals/1995_Sega%20Saturn.zip/1995_Sega%20Saturn%2FMortal%20Kombat%20II.pdf,6634653,3ac825b3676050413b8816b557ea6042,,,Mortal Kombat II.pdf
docs/Saturn/Manuals/Mortal Kombat Trilogy.pdf,https://archive.org/download/mister-manuals/1995_Sega%20Saturn.zip/1995_Sega%20Saturn%2FMortal%20Kombat%20Trilogy.pdf,4585841,f58cd2a02e2271a49b2277d8296de38b,,,Mortal Kombat Trilogy.pdf
docs/Saturn/Manuals/Mr. Bones.pdf,https://archive.org/download/mister-manuals/1995_Sega%20Saturn.zip/1995_Sega%20Saturn%2FMr.%20Bones.pdf,6362725,035cd349049bd49760a19aa380886c59,,,Mr. Bones.pdf
docs/Saturn/Manuals/Myst.pdf,https://archive.org/download/mister-manuals/1995_Sega%20Saturn.zip/1995_Sega%20Saturn%2FMyst.pdf,5618001,05ff7a2a93219962466dfccd8f806855,,,Myst.pdf
docs/Saturn/Manuals/NASCAR 98.pdf,https://archive.org/download/mister-manuals/1995_Sega%20Saturn.zip/1995_Sega%20Saturn%2FNASCAR%2098.pdf,4919278,2bbe466817e69399d114d4987bcdf1e9,,,NASCAR 98.pdf
docs/Saturn/Manuals/NBA Action .pdf,https://archive.org/download/mister-manuals/1995_Sega%20Saturn.zip/1995_Sega%20Saturn%2FNBA%20Action%20.pdf,5595545,61b28dc4fb1fddbcb1edf80c56be0130,,,NBA Action .pdf
docs/Saturn/Manuals/NBA Action 98.pdf,https://archive.org/download/mister-manuals/1995_Sega%20Saturn.zip/1995_Sega%20Saturn%2FNBA%20Action%2098.pdf,7930748,ea16addb57447d3c88b2e472095faa10,,,NBA Action 98.pdf
docs/Saturn/Manuals/NBA Jam - Tournament Edition.pdf,https://archive.org/download/mister-manuals/1995_Sega%20Saturn.zip/1995_Sega%20Saturn%2FNBA%20Jam%20-%20Tournament%20Edition.pdf,6087220,d91a756f280ee6d450a1ba13b40a11d6,,,NBA Jam - Tournament Edition.pdf
docs/Saturn/Manuals/NBA Jam Extreme.pdf,https://archive.org/download/mister-manuals/1995_Sega%20Saturn.zip/1995_Sega%20Saturn%2FNBA%20Jam%20Extreme.pdf,5623736,b53d67849effcd244202c3fe45a62115,,,NBA Jam Extreme.pdf
docs/Saturn/Manuals/NBA Live 97.pdf,https://archive.org/download/mister-manuals/1995_Sega%20Saturn.zip/1995_Sega%20Saturn%2FNBA%20Live%2097.pdf,5672299,026028c6ef9f61f332b2220a10b3c41c,,,NBA Live 97.pdf
docs/Saturn/Manuals/NBA Live 98.pdf,https://archive.org/download/mister-manuals/1995_Sega%20Saturn.zip/1995_Sega%20Saturn%2FNBA%20Live%2098.pdf,5575060,01b6c7b8921d3a321844808a9a66be9d,,,NBA Live 98.pdf
docs/Saturn/Manuals/NFL Quarterback Club 96.pdf,https://archive.org/download/mister-manuals/1995_Sega%20Saturn.zip/1995_Sega%20Saturn%2FNFL%20Quarterback%20Club%2096.pdf,7749970,2fe1542a3c0b4cf892a30d3f459c793a,,,NFL Quarterback Club 96.pdf
docs/Saturn/Manuals/NFL Quarterback Club 97.pdf,https://archive.org/download/mister-manuals/1995_Sega%20Saturn.zip/1995_Sega%20Saturn%2FNFL%20Quarterback%20Club%2097.pdf,8124534,d5bb8057dc8c6c81202ff0c425ef64ea,,,NFL Quarterback Club 97.pdf
docs/Saturn/Manuals/NFL '97.pdf,https://archive.org/download/mister-manuals/1995_Sega%20Saturn.zip/1995_Sega%20Saturn%2FNFL%20_97.pdf,6879273,dddb5a73e8664c768243f304a1ea7840,,,NFL _97.pdf
docs/Saturn/Manuals/NHL 97.pdf,https://archive.org/download/mister-manuals/1995_Sega%20Saturn.zip/1995_Sega%20Saturn%2FNHL%2097.pdf,5731600,c9a5030ee7f7b0fa168f33dad04f314c,,,NHL 97.pdf
docs/Saturn/Manuals/NHL 98.pdf,https://archive.org/download/mister-manuals/1995_Sega%20Saturn.zip/1995_Sega%20Saturn%2FNHL%2098.pdf,6067848,84f1583bf1936012f0a40cdb6770e994,,,NHL 98.pdf
docs/Saturn/Manuals/NHL All-Star Hockey .pdf,https://archive.org/download/mister-manuals/1995_Sega%20Saturn.zip/1995_Sega%20Saturn%2FNHL%20All-Star%20Hockey%20.pdf,7687495,15f5536b36ba75d5f572aba8e7409624,,,NHL All-Star Hockey .pdf
docs/Saturn/Manuals/NHL All-Star Hockey 98.pdf,https://archive.org/download/mister-manuals/1995_Sega%20Saturn.zip/1995_Sega%20Saturn%2FNHL%20All-Star%20Hockey%2098.pdf,5591545,19f9cba10102632c4440ec1fd4386285,,,NHL All-Star Hockey 98.pdf
docs/Saturn/Manuals/NHL Powerplay '96.pdf,https://archive.org/download/mister-manuals/1995_Sega%20Saturn.zip/1995_Sega%20Saturn%2FNHL%20Powerplay%20_96.pdf,5490920,83eb7b714c3b00e49ed800a57a9c4543,,,NHL Powerplay _96.pdf
"docs/Saturn/Manuals/Need for Speed, The.pdf",https://archive.org/download/mister-manuals/1995_Sega%20Saturn.zip/1995_Sega%20Saturn%2FNeed%20for%20Speed%2C%20The.pdf,6541123,5f0149cd74cda54b48b8b1074bba81fc,,,"Need for Speed, The.pdf"
docs/Saturn/Manuals/NiGHTS into Dreams.pdf,https://archive.org/download/mister-manuals/1995_Sega%20Saturn.zip/1995_Sega%20Saturn%2FNiGHTS%20into%20Dreams.pdf,5273542,a18ae225291d8f7fb9bac52949182ddd,,,NiGHTS into Dreams.pdf
docs/Saturn/Manuals/Night Warriors - Darkstalkers' Revenge.pdf,https://archive.org/download/mister-manuals/1995_Sega%20Saturn.zip/1995_Sega%20Saturn%2FNight%20Warriors%20-%20Darkstalkers_%20Revenge.pdf,6079763,4b4fa05a168d4c161e9518edc55fa290,,,Night Warriors - Darkstalkers_ Revenge.pdf
docs/Saturn/Manuals/Norse by Norsewest - The Return of the Lost Vikings.pdf,https://archive.org/download/mister-manuals/1995_Sega%20Saturn.zip/1995_Sega%20Saturn%2FNorse%20by%20Norsewest%20-%20The%20Return%20of%20the%20Lost%20Vikings.pdf,5342126,614544827a4fc7e2aad655d095e69c81,,,Norse by Norsewest - The Return of the Lost Vikings.pdf
docs/Saturn/Manuals/Off-World Interceptor Extreme.pdf,https://archive.org/download/mister-manuals/1995_Sega%20Saturn.zip/1995_Sega%20Saturn%2FOff-World%20Interceptor%20Extreme.pdf,6190744,ce080275f00edeef4e302b0fabdeece7,,,Off-World Interceptor Extreme.pdf
docs/Saturn/Manuals/Olympic Soccer - Atlanta 1996.pdf,https://archive.org/download/mister-manuals/1995_Sega%20Saturn.zip/1995_Sega%20Saturn%2FOlympic%20Soccer%20-%20Atlanta%201996.pdf,6236472,81440e27ffbc2813a325d72ce8a1721e,,,Olympic Soccer - Atlanta 1996.pdf
docs/Saturn/Manuals/P.T.O. - Pacific Theater of Operations II.pdf,https://archive.org/download/mister-manuals/1995_Sega%20Saturn.zip/1995_Sega%20Saturn%2FP.T.O.%20-%20Pacific%20Theater%20of%20Operations%20II.pdf,8979751,cd18b5eb55afb910a596aa0d5147304b,,,P.T.O. - Pacific Theater of Operations II.pdf
docs/Saturn/Manuals/PGA Tour 97.pdf,https://archive.org/download/mister-manuals/1995_Sega%20Saturn.zip/1995_Sega%20Saturn%2FPGA%20Tour%2097.pdf,4483496,6e7976f6f45b6ab20aeb56b346618fdc,,,PGA Tour 97.pdf
docs/Saturn/Manuals/Pandemonium!.pdf,https://archive.org/download/mister-manuals/1995_Sega%20Saturn.zip/1995_Sega%20Saturn%2FPandemonium%21.pdf,3439473,975b1f6ce38510a2dee9a460147bc1ec,,,Pandemonium!.pdf
docs/Saturn/Manuals/Panzer Dragoon .pdf,https://archive.org/download/mister-manuals/1995_Sega%20Saturn.zip/1995_Sega%20Saturn%2FPanzer%20Dragoon%20.pdf,4595066,6b0e8ff5f6987117b5f78e992c6379c4,,,Panzer Dragoon .pdf
docs/Saturn/Manuals/Panzer Dragoon II - Zwei.pdf,https://archive.org/download/mister-manuals/1995_Sega%20Saturn.zip/1995_Sega%20Saturn%2FPanzer%20Dragoon%20II%20-%20Zwei.pdf,6728893,ca36f4877dee1a125495f03f429eabb0,,,Panzer Dragoon II - Zwei.pdf
docs/Saturn/Manuals/Panzer Dragoon Saga.pdf,https://archive.org/download/mister-manuals/1995_Sega%20Saturn.zip/1995_Sega%20Saturn%2FPanzer%20Dragoon%20Saga.pdf,9045145,b873909de6d2e2542a98ce1837e7dd2f,,,Panzer Dragoon Saga.pdf
docs/Saturn/Manuals/Pebble Beach Golf Links.pdf,https://archive.org/download/mister-manuals/1995_Sega%20Saturn.zip/1995_Sega%20Saturn%2FPebble%20Beach%20Golf%20Links.pdf,6125701,be37219be2f46e36f64ace2d856f99e2,,,Pebble Beach Golf Links.pdf
docs/Saturn/Manuals/Pinball Graffiti.pdf,https://archive.org/download/mister-manuals/1995_Sega%20Saturn.zip/1995_Sega%20Saturn%2FPinball%20Graffiti.pdf,5098691,3ccc421030d4f91cf63ba231091850eb,,,Pinball Graffiti.pdf
docs/Saturn/Manuals/Powerslave.pdf,https://archive.org/download/mister-manuals/1995_Sega%20Saturn.zip/1995_Sega%20Saturn%2FPowerslave.pdf,5422431,da3b8fbf855a8e1678b37b96b9dd9a6a,,,Powerslave.pdf
docs/Saturn/Manuals/Primal Rage.pdf,https://archive.org/download/mister-manuals/1995_Sega%20Saturn.zip/1995_Sega%20Saturn%2FPrimal%20Rage.pdf,5268573,1dfc2fda4b38dde2909df4a12c6bb9a6,,,Primal Rage.pdf
docs/Saturn/Manuals/Prize Fighter - Heavyweight Edition.pdf,https://archive.org/download/mister-manuals/1995_Sega%20Saturn.zip/1995_Sega%20Saturn%2FPrize%20Fighter%20-%20Heavyweight%20Edition.pdf,1263574,4778d960c6cd4eeb97a7824e0abc0f85,,,Prize Fighter - Heavyweight Edition.pdf
docs/Saturn/Manuals/Pro Pinball.pdf,https://archive.org/download/mister-manuals/1995_Sega%20Saturn.zip/1995_Sega%20Saturn%2FPro%20Pinball.pdf,5984027,ea1613dad85d8e39a739148ef5b78ba9,,,Pro Pinball.pdf
docs/Saturn/Manuals/Quake.pdf,https://archive.org/download/mister-manuals/1995_Sega%20Saturn.zip/1995_Sega%20Saturn%2FQuake.pdf,6215497,41121bce7c18fef8aafd71c5b83dc2af,,,Quake.pdf
docs/Saturn/Manuals/Quarterback Attack with Mike Ditka.pdf,https://archive.org/download/mister-manuals/1995_Sega%20Saturn.zip/1995_Sega%20Saturn%2FQuarterback%20Attack%20with%20Mike%20Ditka.pdf,5857519,d5d5569070b07fd81553beaccf2f9bb3,,,Quarterback Attack with Mike Ditka.pdf
docs/Saturn/Manuals/Rampage - World Tour.pdf,https://archive.org/download/mister-manuals/1995_Sega%20Saturn.zip/1995_Sega%20Saturn%2FRampage%20-%20World%20Tour.pdf,5018976,202a8b7fd1d5a05aef075297058b8c59,,,Rampage - World Tour.pdf
docs/Saturn/Manuals/Rayman.pdf,https://archive.org/download/mister-manuals/1995_Sega%20Saturn.zip/1995_Sega%20Saturn%2FRayman.pdf,6556521,0fa3f73712b88693fe0cdd1665ea074c,,,Rayman.pdf
docs/Saturn/Manuals/Resident Evil.pdf,https://archive.org/download/mister-manuals/1995_Sega%20Saturn.zip/1995_Sega%20Saturn%2FResident%20Evil.pdf,4354238,04fffb2d09e3ce987097a171aecda7b8,,,Resident Evil.pdf
docs/Saturn/Manuals/Revolution X.pdf,https://archive.org/download/mister-manuals/1995_Sega%20Saturn.zip/1995_Sega%20Saturn%2FRevolution%20X.pdf,7859957,c52c54da2d4d1438eacb9d7f86a17c4a,,,Revolution X.pdf
docs/Saturn/Manuals/Rise 2 - Resurrection.pdf,https://archive.org/download/mister-manuals/1995_Sega%20Saturn.zip/1995_Sega%20Saturn%2FRise%202%20-%20Resurrection.pdf,8947126,c6cf391451494811b23f4fc2db5d4a2a,,,Rise 2 - Resurrection.pdf
docs/Saturn/Manuals/Road Rash.pdf,https://archive.org/download/mister-manuals/1995_Sega%20Saturn.zip/1995_Sega%20Saturn%2FRoad%20Rash.pdf,7344342,4a93c06ac9b81d3f9591e5647e6829ae,,,Road Rash.pdf
docs/Saturn/Manuals/Robo Pit.pdf,https://archive.org/download/mister-manuals/1995_Sega%20Saturn.zip/1995_Sega%20Saturn%2FRobo%20Pit.pdf,9611143,89967e3cc13ab317260824524ad72325,,,Robo Pit.pdf
docs/Saturn/Manuals/Robotica.pdf,https://archive.org/download/mister-manuals/1995_Sega%20Saturn.zip/1995_Sega%20Saturn%2FRobotica.pdf,7228466,66b8acaae990eda8d6ecf9367e651310,,,Robotica.pdf
docs/Saturn/Manuals/Romance of the Three Kingdoms IV - Wall of Fire.pdf,https://archive.org/download/mister-manuals/1995_Sega%20Saturn.zip/1995_Sega%20Saturn%2FRomance%20of%20the%20Three%20Kingdoms%20IV%20-%20Wall%20of%20Fire.pdf,6493020,0a462736860cd327be0ef067ec1f9e6f,,,Romance of the Three Kingdoms IV - Wall of Fire.pdf
docs/Saturn/Manuals/Saturn Bomberman.pdf,https://archive.org/download/mister-manuals/1995_Sega%20Saturn.zip/1995_Sega%20Saturn%2FSaturn%20Bomberman.pdf,7513890,41ed4b3ee1eaa2ee8084dad6947acd4f,,,Saturn Bomberman.pdf
docs/Saturn/Manuals/Scorcher.pdf,https://archive.org/download/mister-manuals/1995_Sega%20Saturn.zip/1995_Sega%20Saturn%2FScorcher.pdf,6047147,8f09f1be79df2862ccee363791003711,,,Scorcher.pdf
docs/Saturn/Manuals/Scud - The Disposable Assassin.pdf,https://archive.org/download/mister-manuals/1995_Sega%20Saturn.zip/1995_Sega%20Saturn%2FScud%20-%20The%20Disposable%20Assassin.pdf,5966860,d0fc1fb80c3e2536ee402e403f63d5c5,,,Scud - The Disposable Assassin.pdf
docs/Saturn/Manuals/Sega Ages - After Burner II.pdf,https://archive.org/download/mister-manuals/1995_Sega%20Saturn.zip/1995_Sega%20Saturn%2FSega%20Ages%20-%20After%20Burner%20II.pdf,4445997,bc0345b0a2d27a8636484835eada087d,,,Sega Ages - After Burner II.pdf
docs/Saturn/Manuals/Sega Ages - OutRun.pdf,https://archive.org/download/mister-manuals/1995_Sega%20Saturn.zip/1995_Sega%20Saturn%2FSega%20Ages%20-%20OutRun.pdf,4152626,d8d65737c47e6bc6fdeb26a1797543ed,,,Sega Ages - OutRun.pdf
docs/Saturn/Manuals/Sega Ages - Space Harrier.pdf,https://archive.org/download/mister-manuals/1995_Sega%20Saturn.zip/1995_Sega%20Saturn%2FSega%20Ages%20-%20Space%20Harrier.pdf,4500888,9d569d8f35d70984b5188ca7dca26362,,,Sega Ages - Space Harrier.pdf
docs/Saturn/Manuals/Sega Rally Championship.pdf,https://archive.org/download/mister-manuals/1995_Sega%20Saturn.zip/1995_Sega%20Saturn%2FSega%20Rally%20Championship.pdf,5811185,2c57c6067aa4af6cb8a3e765a07b9fae,,,Sega Rally Championship.pdf
docs/Saturn/Manuals/Sega Touring Car Championship.pdf,https://archive.org/download/mister-manuals/1995_Sega%20Saturn.zip/1995_Sega%20Saturn%2FSega%20Touring%20Car%20Championship.pdf,7877401,8a4a09a9aea8f3574cee03b75e62cefb,,,Sega Touring Car Championship.pdf
docs/Saturn/Manuals/Sega Worldwide Soccer 97.pdf,https://archive.org/download/mister-manuals/1995_Sega%20Saturn.zip/1995_Sega%20Saturn%2FSega%20Worldwide%20Soccer%2097.pdf,6206704,a1b8abbf80000fd20dae8e823e4e8aeb,,,Sega Worldwide Soccer 97.pdf
docs/Saturn/Manuals/Shanghai - Triple-Threat.pdf,https://archive.org/download/mister-manuals/1995_Sega%20Saturn.zip/1995_Sega%20Saturn%2FShanghai%20-%20Triple-Threat.pdf,7003612,3174cd0e2ec92caf2b9cad9e11b6432b,,,Shanghai - Triple-Threat.pdf
docs/Saturn/Manuals/Shellshock.pdf,https://archive.org/download/mister-manuals/1995_Sega%20Saturn.zip/1995_Sega%20Saturn%2FShellshock.pdf,7960744,1589502221e1bce954a46e421b104d71,,,Shellshock.pdf
docs/Saturn/Manuals/Shining Force III.pdf,https://archive.org/download/mister-manuals/1995_Sega%20Saturn.zip/1995_Sega%20Saturn%2FShining%20Force%20III.pdf,6418622,182802367ea8e85e837599439a8ecb0c,,,Shining Force III.pdf
docs/Saturn/Manuals/Shining Wisdom.pdf,https://archive.org/download/mister-manuals/1995_Sega%20Saturn.zip/1995_Sega%20Saturn%2FShining%20Wisdom.pdf,7679705,d5328076207188ce1333b2cb45df0895,,,Shining Wisdom.pdf
docs/Saturn/Manuals/Shining the Holy Ark.pdf,https://archive.org/download/mister-manuals/1995_Sega%20Saturn.zip/1995_Sega%20Saturn%2FShining%20the%20Holy%20Ark.pdf,7939717,482cde9ed746db293bf41e41ab9c926b,,,Shining the Holy Ark.pdf
docs/Saturn/Manuals/Shinobi Legions.pdf,https://archive.org/download/mister-manuals/1995_Sega%20Saturn.zip/1995_Sega%20Saturn%2FShinobi%20Legions.pdf,5692669,271632ab174a0bf6aec6d9c700cbcaf6,,,Shinobi Legions.pdf
docs/Saturn/Manuals/Shockwave Assault.pdf,https://archive.org/download/mister-manuals/1995_Sega%20Saturn.zip/1995_Sega%20Saturn%2FShockwave%20Assault.pdf,4291640,c49c16601965d027d0ffff6b2877d232,,,Shockwave Assault.pdf
docs/Saturn/Manuals/SimCity 2000.pdf,https://archive.org/download/mister-manuals/1995_Sega%20Saturn.zip/1995_Sega%20Saturn%2FSimCity%202000.pdf,9031158,a026ddd935e89114ff6996c74c04c477,,,SimCity 2000.pdf
docs/Saturn/Manuals/Skeleton Warriors.pdf,https://archive.org/download/mister-manuals/1995_Sega%20Saturn.zip/1995_Sega%20Saturn%2FSkeleton%20Warriors.pdf,4299185,c7494635045f95f2766a69f883a142ff,,,Skeleton Warriors.pdf
docs/Saturn/Manuals/Sky Target.pdf,https://archive.org/download/mister-manuals/1995_Sega%20Saturn.zip/1995_Sega%20Saturn%2FSky%20Target.pdf,5139063,76c6f83c09c82d3c399ab19102f2f804,,,Sky Target.pdf
docs/Saturn/Manuals/Slam 'n Jam '96 featuring Magic & Kareem.pdf,https://archive.org/download/mister-manuals/1995_Sega%20Saturn.zip/1995_Sega%20Saturn%2FSlam%20_n%20Jam%20_96%20featuring%20Magic%20%26%20Kareem.pdf,4891166,3d45dcbd4eb955d1361c85bd33f94d44,,,Slam _n Jam _96 featuring Magic & Kareem.pdf
docs/Saturn/Manuals/Solar Eclipse.pdf,https://archive.org/download/mister-manuals/1995_Sega%20Saturn.zip/1995_Sega%20Saturn%2FSolar%20Eclipse.pdf,7846799,d316fa4c472d779c15e1487b9fe7ed75,,,Solar Eclipse.pdf
docs/Saturn/Manuals/Sonic 3D Blast.pdf,https://archive.org/download/mister-manuals/1995_Sega%20Saturn.zip/1995_Sega%20Saturn%2FSonic%203D%20Blast.pdf,1638959,a3f507e183a1001c149fb30e7232aade,,,Sonic 3D Blast.pdf
docs/Saturn/Manuals/Sonic Jam.pdf,https://archive.org/download/mister-manuals/1995_Sega%20Saturn.zip/1995_Sega%20Saturn%2FSonic%20Jam.pdf,1477490,fda2fdc25b8a9abd8d36fed04270dade,,,Sonic Jam.pdf
docs/Saturn/Manuals/Sonic R.pdf,https://archive.org/download/mister-manuals/1995_Sega%20Saturn.zip/1995_Sega%20Saturn%2FSonic%20R.pdf,5900087,3ac2736c5955c248b5dc652db3a2cfb7,,,Sonic R.pdf
docs/Saturn/Manuals/Soviet Strike.pdf,https://archive.org/download/mister-manuals/1995_Sega%20Saturn.zip/1995_Sega%20Saturn%2FSoviet%20Strike.pdf,6724843,a0a31127fec2e2eb43f6c6bce1595e71,,,Soviet Strike.pdf
docs/Saturn/Manuals/Space Hulk - Vengeance of the Blood Angels.pdf,https://archive.org/download/mister-manuals/1995_Sega%20Saturn.zip/1995_Sega%20Saturn%2FSpace%20Hulk%20-%20Vengeance%20of%20the%20Blood%20Angels.pdf,7274944,a20b34fd5c11fd60ccfa4817d631f3b5,,,Space Hulk - Vengeance of the Blood Angels.pdf
docs/Saturn/Manuals/Space Jam.pdf,https://archive.org/download/mister-manuals/1995_Sega%20Saturn.zip/1995_Sega%20Saturn%2FSpace%20Jam.pdf,5798243,7d5c88666ca4448fd2f6c6684b27d5e3,,,Space Jam.pdf
docs/Saturn/Manuals/Spot Goes to Hollywood.pdf,https://archive.org/download/mister-manuals/1995_Sega%20Saturn.zip/1995_Sega%20Saturn%2FSpot%20Goes%20to%20Hollywood.pdf,7229204,1750652c100624e0e4ae253cc780d92a,,,Spot Goes to Hollywood.pdf
docs/Saturn/Manuals/Star Fighter.pdf,https://archive.org/download/mister-manuals/1995_Sega%20Saturn.zip/1995_Sega%20Saturn%2FStar%20Fighter.pdf,5044782,674a771807d714d0ef21a0fc4933c527,,,Star Fighter.pdf
docs/Saturn/Manuals/Steep Slope Sliders.pdf,https://archive.org/download/mister-manuals/1995_Sega%20Saturn.zip/1995_Sega%20Saturn%2FSteep%20Slope%20Sliders.pdf,6095979,9aa509a10177f25f2393e736a2851760,,,Steep Slope Sliders.pdf
docs/Saturn/Manuals/Stellar Assault SS.pdf,https://archive.org/download/mister-manuals/1995_Sega%20Saturn.zip/1995_Sega%20Saturn%2FStellar%20Assault%20SS.pdf,2333113,4ab088b0853b718b2755fed1cb3c2021,,,Stellar Assault SS.pdf
docs/Saturn/Manuals/Street Fighter - The Movie.pdf,https://archive.org/download/mister-manuals/1995_Sega%20Saturn.zip/1995_Sega%20Saturn%2FStreet%20Fighter%20-%20The%20Movie.pdf,9392978,21c0681706a1c8faf721c8cebfd53db8,,,Street Fighter - The Movie.pdf
docs/Saturn/Manuals/Street Fighter Alpha - Warriors' Dreams.pdf,https://archive.org/download/mister-manuals/1995_Sega%20Saturn.zip/1995_Sega%20Saturn%2FStreet%20Fighter%20Alpha%20-%20Warriors_%20Dreams.pdf,5508257,6ed9c4965c533298b7956aa322c703b2,,,Street Fighter Alpha - Warriors_ Dreams.pdf
docs/Saturn/Manuals/Street Fighter Alpha 2.pdf,https://archive.org/download/mister-manuals/1995_Sega%20Saturn.zip/1995_Sega%20Saturn%2FStreet%20Fighter%20Alpha%202.pdf,8553843,1c042916279e9d82ab473c88bba728e6,,,Street Fighter Alpha 2.pdf
docs/Saturn/Manuals/Street Fighter Collection.pdf,https://archive.org/download/mister-manuals/1995_Sega%20Saturn.zip/1995_Sega%20Saturn%2FStreet%20Fighter%20Collection.pdf,5041614,75a7cd10bb89f26d91725e849160b891,,,Street Fighter Collection.pdf
docs/Saturn/Manuals/Striker 96.pdf,https://archive.org/download/mister-manuals/1995_Sega%20Saturn.zip/1995_Sega%20Saturn%2FStriker%2096.pdf,5386400,814416b5ddd15a5ef893305e750ae401,,,Striker 96.pdf
docs/Saturn/Manuals/Super Puzzle Fighter II Turbo.pdf,https://archive.org/download/mister-manuals/1995_Sega%20Saturn.zip/1995_Sega%20Saturn%2FSuper%20Puzzle%20Fighter%20II%20Turbo.pdf,4567234,fd0011ea90006df6515ddb8a923e7e62,,,Super Puzzle Fighter II Turbo.pdf
docs/Saturn/Manuals/TNN Motor Sports Hardcore 4x4.pdf,https://archive.org/download/mister-manuals/1995_Sega%20Saturn.zip/1995_Sega%20Saturn%2FTNN%20Motor%20Sports%20Hardcore%204x4.pdf,3910738,b5ed499b4a5c9ff1bd96b57695d4293f,,,TNN Motor Sports Hardcore 4x4.pdf
docs/Saturn/Manuals/Tempest 2000.pdf,https://archive.org/download/mister-manuals/1995_Sega%20Saturn.zip/1995_Sega%20Saturn%2FTempest%202000.pdf,2836955,f76111700007ffec6a3dbba32fc88266,,,Tempest 2000.pdf
docs/Saturn/Manuals/Ten Pin Alley.pdf,https://archive.org/download/mister-manuals/1995_Sega%20Saturn.zip/1995_Sega%20Saturn%2FTen%20Pin%20Alley.pdf,5244987,a29a1308be134dd56dba42ec582c1d99,,,Ten Pin Alley.pdf
docs/Saturn/Manuals/Tetris Plus.pdf,https://archive.org/download/mister-manuals/1995_Sega%20Saturn.zip/1995_Sega%20Saturn%2FTetris%20Plus.pdf,5600428,874a839a8c4265377e80f4f1c5e1cd43,,,Tetris Plus.pdf
docs/Saturn/Manuals/Theme Park.pdf,https://archive.org/download/mister-manuals/1995_Sega%20Saturn.zip/1995_Sega%20Saturn%2FTheme%20Park.pdf,9872653,9e2cd99ef40db0cbb52fc9fbb82c0a04,,,Theme Park.pdf
docs/Saturn/Manuals/Three Dirty Dwarves.pdf,https://archive.org/download/mister-manuals/1995_Sega%20Saturn.zip/1995_Sega%20Saturn%2FThree%20Dirty%20Dwarves.pdf,7329334,42e593f5959589527d362c542932f7b7,,,Three Dirty Dwarves.pdf
docs/Saturn/Manuals/ThunderStrike 2.pdf,https://archive.org/download/mister-manuals/1995_Sega%20Saturn.zip/1995_Sega%20Saturn%2FThunderStrike%202.pdf,6300164,ad3582be3c7e1e3271f565efeb6f4c70,,,ThunderStrike 2.pdf
docs/Saturn/Manuals/Tomb Raider.pdf,https://archive.org/download/mister-manuals/1995_Sega%20Saturn.zip/1995_Sega%20Saturn%2FTomb%20Raider.pdf,3954328,75e2058e1e5ac5338bdf38305331b5a1,,,Tomb Raider.pdf
docs/Saturn/Manuals/True Pinball.pdf,https://archive.org/download/mister-manuals/1995_Sega%20Saturn.zip/1995_Sega%20Saturn%2FTrue%20Pinball.pdf,5922190,7430295bc3b16fc89b5f2ab8f5d389ff,,,True Pinball.pdf
docs/Saturn/Manuals/Tunnel B1.pdf,https://archive.org/download/mister-manuals/1995_Sega%20Saturn.zip/1995_Sega%20Saturn%2FTunnel%20B1.pdf,4818713,04c6fa3c2f0f814a7fac3e35bf666cd5,,,Tunnel B1.pdf
docs/Saturn/Manuals/UEFA Euro 96 - England.pdf,https://archive.org/download/mister-manuals/1995_Sega%20Saturn.zip/1995_Sega%20Saturn%2FUEFA%20Euro%2096%20-%20England.pdf,6127136,0b1c960fdcbf4abdc8e18aded5565bf0,,,UEFA Euro 96 - England.pdf
docs/Saturn/Manuals/Ultimate Mortal Kombat 3.pdf,https://archive.org/download/mister-manuals/1995_Sega%20Saturn.zip/1995_Sega%20Saturn%2FUltimate%20Mortal%20Kombat%203.pdf,7795517,4bb4768eff0b38d700a5f2be636ef95a,,,Ultimate Mortal Kombat 3.pdf
docs/Saturn/Manuals/VR Golf '97.pdf,https://archive.org/download/mister-manuals/1995_Sega%20Saturn.zip/1995_Sega%20Saturn%2FVR%20Golf%20_97.pdf,9768186,520a71ffbb4267fe2231e69c6b392904,,,VR Golf _97.pdf
docs/Saturn/Manuals/VR Soccer.pdf,https://archive.org/download/mister-manuals/1995_Sega%20Saturn.zip/1995_Sega%20Saturn%2FVR%20Soccer.pdf,4347717,931d38f7d77f1ba48d6e569f270f890b,,,VR Soccer.pdf
docs/Saturn/Manuals/Valhollian.pdf,https://archive.org/download/mister-manuals/1995_Sega%20Saturn.zip/1995_Sega%20Saturn%2FValhollian.pdf,2711497,edf19b81eb48003b9f355d0269ac86dd,,,Valhollian.pdf
docs/Saturn/Manuals/Valora Valley Golf.pdf,https://archive.org/download/mister-manuals/1995_Sega%20Saturn.zip/1995_Sega%20Saturn%2FValora%20Valley%20Golf.pdf,5761658,1007a98c8a76155b1fac6f1734098155,,,Valora Valley Golf.pdf
docs/Saturn/Manuals/Virtua Cop .pdf,https://archive.org/download/mister-manuals/1995_Sega%20Saturn.zip/1995_Sega%20Saturn%2FVirtua%20Cop%20.pdf,4749095,f3af4f1dd206a9abc54c0e7d42652e1d,,,Virtua Cop .pdf
docs/Saturn/Manuals/Virtua Cop 2.pdf,https://archive.org/download/mister-manuals/1995_Sega%20Saturn.zip/1995_Sega%20Saturn%2FVirtua%20Cop%202.pdf,6354134,35a52d78065d90283b3ea727657f73be,,,Virtua Cop 2.pdf
docs/Saturn/Manuals/Virtua Fighter .pdf,https://archive.org/download/mister-manuals/1995_Sega%20Saturn.zip/1995_Sega%20Saturn%2FVirtua%20Fighter%20.pdf,1423021,1c998c9054f2e9485e900e6d978b0105,,,Virtua Fighter .pdf
docs/Saturn/Manuals/Virtua Fighter 2.pdf,https://archive.org/download/mister-manuals/1995_Sega%20Saturn.zip/1995_Sega%20Saturn%2FVirtua%20Fighter%202.pdf,6673821,9de96a0bfb9d2f255e2e9f06a690964a,,,Virtua Fighter 2.pdf
docs/Saturn/Manuals/Virtua Fighter Kids.pdf,https://archive.org/download/mister-manuals/1995_Sega%20Saturn.zip/1995_Sega%20Saturn%2FVirtua%20Fighter%20Kids.pdf,7806693,65fe416188086ff2c3b73d710a523bf2,,,Virtua Fighter Kids.pdf
docs/Saturn/Manuals/Virtua Fighter Remix.pdf,https://archive.org/download/mister-manuals/1995_Sega%20Saturn.zip/1995_Sega%20Saturn%2FVirtua%20Fighter%20Remix.pdf,6346416,d33c65d2cf438d756394f3333926f0d2,,,Virtua Fighter Remix.pdf
docs/Saturn/Manuals/Virtua Racing.pdf,https://archive.org/download/mister-manuals/1995_Sega%20Saturn.zip/1995_Sega%20Saturn%2FVirtua%20Racing.pdf,1718328,5d0fa5012fcf5e7490b142f7c8e73069,,,Virtua Racing.pdf
docs/Saturn/Manuals/Virtual Casino.pdf,https://archive.org/download/mister-manuals/1995_Sega%20Saturn.zip/1995_Sega%20Saturn%2FVirtual%20Casino.pdf,4531044,8c13727d8895ba395f36f371d154564d,,,Virtual Casino.pdf
docs/Saturn/Manuals/Virtual Hydlide.pdf,https://archive.org/download/mister-manuals/1995_Sega%20Saturn.zip/1995_Sega%20Saturn%2FVirtual%20Hydlide.pdf,7461169,be7479f96d17465eee7a2df7b80e8858,,,Virtual Hydlide.pdf
docs/Saturn/Manuals/Virtual On - Cyber Troopers.pdf,https://archive.org/download/mister-manuals/1995_Sega%20Saturn.zip/1995_Sega%20Saturn%2FVirtual%20On%20-%20Cyber%20Troopers.pdf,6572531,dcd7a5e8d8228f21c8e5ee20a99a2079,,,Virtual On - Cyber Troopers.pdf
docs/Saturn/Manuals/Virtual Open Tennis.pdf,https://archive.org/download/mister-manuals/1995_Sega%20Saturn.zip/1995_Sega%20Saturn%2FVirtual%20Open%20Tennis.pdf,7939361,e040f8e0a3ab7e9821d4d93367eaf130,,,Virtual Open Tennis.pdf
docs/Saturn/Manuals/WWF In Your House.pdf,https://archive.org/download/mister-manuals/1995_Sega%20Saturn.zip/1995_Sega%20Saturn%2FWWF%20In%20Your%20House.pdf,5527088,b425ef5cc8e20c51b1495b34393b8f04,,,WWF In Your House.pdf
docs/Saturn/Manuals/WWF Wrestlemania - The Arcade Game.pdf,https://archive.org/download/mister-manuals/1995_Sega%20Saturn.zip/1995_Sega%20Saturn%2FWWF%20Wrestlemania%20-%20The%20Arcade%20Game.pdf,6640516,70a4c9258282137e4b13cf5dddeabb7f,,,WWF Wrestlemania - The Arcade Game.pdf
docs/Saturn/Manuals/Warcraft II - The Dark Saga.pdf,https://archive.org/download/mister-manuals/1995_Sega%20Saturn.zip/1995_Sega%20Saturn%2FWarcraft%20II%20-%20The%20Dark%20Saga.pdf,5815119,b958af8886bc8ea8b3e32ee1b5093c57,,,Warcraft II - The Dark Saga.pdf
docs/Saturn/Manuals/Williams Arcade's Greatest Hits.pdf,https://archive.org/download/mister-manuals/1995_Sega%20Saturn.zip/1995_Sega%20Saturn%2FWilliams%20Arcade_s%20Greatest%20Hits.pdf,8057613,4123f51542ee43e5d7bba86174bc43f8,,,Williams Arcade_s Greatest Hits.pdf
docs/Saturn/Manuals/Wing Arms.pdf,https://archive.org/download/mister-manuals/1995_Sega%20Saturn.zip/1995_Sega%20Saturn%2FWing%20Arms.pdf,7813901,46335ed24d267f3f51c8bd27218ad620,,,Wing Arms.pdf
docs/Saturn/Manuals/Winning Post.pdf,https://archive.org/download/mister-manuals/1995_Sega%20Saturn.zip/1995_Sega%20Saturn%2FWinning%20Post.pdf,8097081,639953d25dfa05dc28809fc2beb9c71f,,,Winning Post.pdf
docs/Saturn/Manuals/Winter Heat.pdf,https://archive.org/download/mister-manuals/1995_Sega%20Saturn.zip/1995_Sega%20Saturn%2FWinter%20Heat.pdf,5463979,6e13dfc30e1d0c79b760fd61342e68a3,,,Winter Heat.pdf
docs/Saturn/Manuals/Wipeout.pdf,https://archive.org/download/mister-manuals/1995_Sega%20Saturn.zip/1995_Sega%20Saturn%2FWipeout.pdf,6924031,b3a6454597569ce5e40aeebb70710245,,,Wipeout.pdf
docs/Saturn/Manuals/World Cup Golf - Professional Edition.pdf,https://archive.org/download/mister-manuals/1995_Sega%20Saturn.zip/1995_Sega%20Saturn%2FWorld%20Cup%20Golf%20-%20Professional%20Edition.pdf,6687600,de93fd6856536b38d9b5bf02b23bbe4c,,,World Cup Golf - Professional Edition.pdf
docs/Saturn/Manuals/World Series Baseball 98.pdf,https://archive.org/download/mister-manuals/1995_Sega%20Saturn.zip/1995_Sega%20Saturn%2FWorld%20Series%20Baseball%2098.pdf,5916286,ad6ae756ad4e3464edbfa84228a43149,,,World Series Baseball 98.pdf
docs/Saturn/Manuals/World Series Baseball II.pdf,https://archive.org/download/mister-manuals/1995_Sega%20Saturn.zip/1995_Sega%20Saturn%2FWorld%20Series%20Baseball%20II.pdf,7035470,e1c6083263d2d4d48afa114c99fdada5,,,World Series Baseball II.pdf
docs/Saturn/Manuals/World Series Baseball.pdf,https://archive.org/download/mister-manuals/1995_Sega%20Saturn.zip/1995_Sega%20Saturn%2FWorld%20Series%20Baseball.pdf,5523664,ecc1f3db87f3290360e7e2d6aa79d485,,,World Series Baseball.pdf
docs/Saturn/Manuals/Worldwide Soccer - Sega International Victory Goal Edition.pdf,https://archive.org/download/mister-manuals/1995_Sega%20Saturn.zip/1995_Sega%20Saturn%2FWorldwide%20Soccer%20-%20Sega%20International%20Victory%20Goal%20Edition.pdf,7645061,d18dbad68c58932c922b19ce0c03b833,,,Worldwide Soccer - Sega International Victory Goal Edition.pdf
docs/Saturn/Manuals/Worldwide Soccer '98.pdf,https://archive.org/download/mister-manuals/1995_Sega%20Saturn.zip/1995_Sega%20Saturn%2FWorldwide%20Soccer%20_98.pdf,2890754,faa67ce88982f92184649828fe1da6fe,,,Worldwide Soccer _98.pdf
docs/Saturn/Manuals/Worms.pdf,https://archive.org/download/mister-manuals/1995_Sega%20Saturn.zip/1995_Sega%20Saturn%2FWorms.pdf,6181673,a557291278fef899da5264715e05441c,,,Worms.pdf
docs/Saturn/Manuals/X-Men - Children of the Atom.pdf,https://archive.org/download/mister-manuals/1995_Sega%20Saturn.zip/1995_Sega%20Saturn%2FX-Men%20-%20Children%20of%20the%20Atom.pdf,7237139,62dcdaa2a2f8739df517e7ff5233201e,,,X-Men - Children of the Atom.pdf
